Title,ISBNs
That Deadman Dance,9781608197057; 1608197050;
Halo,0312656262 (hbk.); 9780312656263 (hbk.); 1429945052 (eBook); 9781429945059 (eBook);
Wildflower Hill,9780733623752;
Bereft,9781921640605 (pbk.);
Beautiful Malice,9781742373003 (pbk.);
The Distant Hours,9781742371832 (hbk.);
Behemoth,9780670073047 (hbk.);
When Colts Ran,9781864710410 (pbk.);
Rocks in the Belly,9781921640674;
Indelible Ink,9781921215964 (pbk.);
Campaign Ruby,9781921656576 (pbk.);
Bleed for Me,1847442196 (pbk.); 9780748114016 (ebook); 9781847442192 (pbk.); 1847442188 (hbk.); 0748114017 (ebook); 9781847442185 (hbk.);
Lights Out in Wonderland,9780571228904 (hbk.); 9780571228898 (pbk.);
The Legacy,9780732290801 (pbk.);
The Piper's Son,9780670074235 (pbk.);
Graffiti Moon,9780330425780 (pbk.);
Wyatt,9781921656026 (pbk.);
The Body in the Clouds,9781742372426;
Manhattan Dreaming,9781741668926 (pbk.);
Gunshot Road,9781921656309 (pbk.);
At Home with the Templetons,9781921518225 (pbk.);
That Deadman Dance,9780330404235 (pbk);
That Deadman Dance,9781742611501 (pbk);
That Deadman Dance,9781405040440 (pbk); 9781405040433 (hbk);
Halo,8842917036; 9788842917038;
Halo,0732289890 (pbk.); 9780732289898 (pbk.);
Halo,8362478063; 9788362478064;
Halo,0606237682; 9780606237680;
Halo,8756799055; 9788756799058;
Halo,9636354138; 9789636354138;
Halo,9780732298494;
Halo,9785699710829;
Halo,6054456237; 9786054456239;
Halo,3499216000; 9783499216008; 3644471614 (eBook); 9783644471610 (eBook);
Halo,8499181732; 9788499181738;
Halo,9022558339; 9789022558331;
Halo,9788055124452;
Halo,1907410759; 9781907410758;
Halo,9789896572419;
Halo,0312674368 (pbk.); 9780312674366 (pbk.);
Halo,2266212710; 9782266212717;
Halo,885023094X; 9788850230945;
Halo,8740005445; 9788740005448;
Halo,7540448733; 9787540448738;
Halo,9862294809; 9789862294802 (pbk.);
Halo,802423047X; 9788024230474;
Halo,9786029346169;
Cold Justice,9781405039277 (pbk.);
Solace and Grief,9781876462895 (pbk.);
About a Girl,9781742371443 (pbk.);
Glissando : A Melodrama,9781740669337;
Mice,9781742372358;
Martin Westley Takes a Walk,9781741669619 (pbk.);
Girl Saves Boy,9781921656590 (pbk.);
House of Sticks,9781921844270 (pbk.);
After America,9781405039413 (pbk.);
"Big River, Little Fish",9780702238505 (pbk.);
Fall Girl,9781921656651 (pbk.);
Let the Dead Lie,9781405039208 (pbk.);
Noah's Law,9780330426183 (pbk.);
Traitor,9781921656491 (pbk.);
Black Glass,9781921640933 (pbk.);
I Came To Say Goodbye,9781742741307 (ebook); 9781863256810 (pbk.);
The Grand Hotel : A Novel,9781741669732 (pbk.);
Good Oil,9781741759976 (pbk.);
Below the Styx,9781741757804;
The Mary Smokes Boys,9780980571790;
Blossoms and Shadows,9780733627606 (hbk.); 9780733627453 (hbk.); 9780733626500 (pbk.);
Six Impossible Things,9780330426060 (pbk.);
Claiming His Bought Bride,9780733599071;
Roddy Parr,9780732290276 (pbk.);
Houdini's Flight : Sometimes You Need to Disappear to Find Yourself,9780732280659 (pbk.);
How It Feels,9781405039291 (pbk.);
Sustenance,9781742580715;
Merrow,9781742031361 (pbk.);
The Philanthropist,9781740669979;
Men of Bad Character,9780702237737;
The  Reckless Bride,9780732290559 (pbk.);
Every Girl's Secret Fantasy,9780263214161 (pbk.);
Notorious,9781742372396 (pbk.);
Five Parts Dead,9781921656286 (pbk.);
90 Packets of Instant Noodles,9781921361999 (pbk.);
Nineteen Seventysomething,9780980637854;
Scout,9780143204589 (pbk.);
Fields of Gold,9781921518065 (pbk.);
Comrades,9781863256407 (pbk.); 97817427409 (ebook);
The Blood Countess,9781405040143 (pbk.);
In Lonnie's Shadow,9781876462918 (pbk.);
When Courage Came to Call,9781741664447 (pbk.);
Im Tal Der Flammenden Sonne,9783404159567; 340415956X;
Marrying Ameera,9780732291440 (pbk.);
The Old School,9780670074518 (pbk.);
Trust,9780670073979 (pbk.);
Fortune Cookie,9780670074082;
Prohibited Zone,9781862549432;
Anonymity Jones,9781741664539 (pbk.);
Kindling,9780733625022 (pbk.);
Genesis,9781921529399 (pbk.);
Child of the Twilight,9780732284541 (pbk.);
Little Paradise,9780143011477 (pbk.);
Torn Apart,9781742371399 (pbk.);
One Perfect Pirouette,9780702238413;
Madigan Mine,9780330425711 (pbk.);
Naked Cruelty,9780732292294 (pbk.);
Zendegi,9780575086173;
The Emerald Casket,9781921656453 (pbk.);
Six,9781742031552 (pbk.);
Days Like This,9780143206545 (pbk.);
Stillwater Creek,9781741669312 (pbk.);
The Book of Love,9780733624391 (pbk.);
The Plantation,9781405039987 (pbk.);
Making News,9781741969238 (pbk.);
Leaving Suzie Pye,9780732290047 (pbk.);
Darkwater,9781864719833 (pbk.); 9781742740027 (ebk.);
A Darker Music,9781921640650 (pbk.);
Ethan Grout,9781741968989 (pbk.);
The Norseman's Song,9780980740523 (pbk.);
Book of Lost Threads,9781742372334;
India Dark,9781741758580 (pbk.);
Fury,9781742031323 (pbk.);
A Waltz for Matilda,9780732290214 (pbk.);
Pilgrims,9780732289478 (pbk.);
The Brazen Bride,9780732290542 (pbk.);
Death Mask,9781405039956;
Sugar Sugar,9781742031200 (pbk.);
F2M,9781876462901 (pbk.);
Red Dirt Talking,9781921888793 (pbk.); 9781921888915 (ebk.);
RPM,
Preincarnate,9781740669818 (hbk.);
A Few Right Thinking Men,9780980741810 (hbk.); 9781921997778;
The Blackmailed Bride's Secret Child,9780733599569;
The Second-Last Woman in England,9781741964820 (pbk.);
His Prisoner in Paradise,9781742550435 (pbk.);
Daywards,9780702236556 (pbk.); 9780702237911 (pdf);
Where Have You Been?,9781921401466 (pbk.);
Mercy,9780732291990 (pbk.);
Revealed : A Prince and a Pregnancy,0373129130; 9780373129133;
Wildflower Hill,9782298106442; 2298106444;
Wildflower Hill,9782368120330; 2368120335;
Wildflower Hill,9789603645092;
Wildflower Hill,9783426511398;
Wildflower Hill,9788074660740;
Wildflower Hill,9781780877082;
Wildflower Hill,9789032513283; 9032513281 (paperback); 9789032513290 (ebook); 903251329X (ebook);
Wildflower Hill,9788863931303;
Wildflower Hill,9781451623499; 1451623496;
Wildflower Hill,9788310121028;
Wildflower Hill,9782894559277; 2894559275;
Wildflower Hill,9789759997168;
Wildflower Hill,9788202360610;
Wildflower Hill,9789632932507;
Bereft,9783421045720;
Bereft,9789532665468;
Bereft,9782226241467;
Beautiful Malice,9788806203597 (pbk.);
Beautiful Malice,9786084577935;
Beautiful Malice,9781742376820;
Beautiful Malice,9780571255238; 057125523X;
Beautiful Malice,9786041003095;
Beautiful Malice,9783499255076; 3499255073;
Beautiful Malice,9789862293898;
Beautiful Malice,9789955387220;
The Distant Hours,9022557367 (pbk.); 9789022557365 (pbk.);
The Distant Hours,9780330477581 (pbk.);
The Distant Hours,9786054482184;
The Distant Hours,9782258081871;
The Distant Hours,9789175030197; 9175030195;
The Distant Hours,9787544278003;
The Distant Hours,9789137135779;
The Distant Hours,0230744761 (pbk.); 9780230744769 (pbk.); 9780230748323 (hbk.); 0230748325 (hbk.);
The Distant Hours,9788820050443;
The Distant Hours,9781760292959;
The Distant Hours,9781439152782 (alk. paper);
The Distant Hours,9789022557365;
The Distant Hours,3453290941;
Behemoth,9787302316077;
Behemoth,B00DQCFJIM;
Behemoth,9784153350045;
Behemoth,9788024231693;
Behemoth,2266194178; 9782266194174;
Behemoth,9789896681340;
Behemoth,9789944827805;
Behemoth,9786155229275;
Behemoth,9788375105902;
Behemoth,9783453529632; 3453529634;
Behemoth,9789542908951;
When Colts Ran,9781864710441;
Indelible Ink,9781922070623 (paperback);
Bleed for Me,9780733637650;
Bleed for Me,8866880043; 9788866880042;
Bleed for Me,9780751552300;
Bleed for Me,9782253173663; 2253173665;
Bleed for Me,9782709636292;
Bleed for Me,9780316126380; 0316126381;
Bleed for Me,9023457374; 9789023457374;
Bleed for Me,9783442312498;
Lights Out in Wonderland,9780393081237 (hbk.); 0393081230 (hbk.);
Lights Out in Wonderland,9783821861524 (hbk.); 3821861525 (hbk.);
The Legacy,9788466646260; 8466646264;
The Legacy,9781439177211; 143917718X; 143917721X (ebook); 9781439177181;
The Legacy,9780857380623 (pbk.); 0857380621 (pbk.);
The Piper's Son,9780763647582;
The Piper's Son,9780143203421;
The Piper's Son,9789612720551;
The Piper's Son,9780763660628;
Graffiti Moon,9782226242754; 2226242759;
Graffiti Moon,9788427200951; 8427200951;
Graffiti Moon,9788482649054; 8482649051;
Graffiti Moon,9789048811663; 904881166X; 9789048811670; 9048811678;
Graffiti Moon,9781444907872; 1444907875;
Graffiti Moon,9783551582799; 3551582793;
Graffiti Moon,9788804608349; 880460834X;
Graffiti Moon,9780375871955; 0375871950;
The Body in the Clouds,9781501165115;
Gunshot Road,9783518462133 3; 51846213X;
Gunshot Road,9781569476369;
At Home with the Templetons,9783442475506 (pbk.); 3442475503 (pbk.);
At Home with the Templetons,9780330447836; 0330447831;
At Home with the Templetons,9780345518651;
At Home with the Templetons,9780230713918 (pbk.);
At Home with the Templetons,9780143205579;
About a Girl,9783551582713; 3551582718;
After America,9780345502919;
Let the Dead Lie,9781416586227 (pbk.);
Let the Dead Lie,9789023457138;
Let the Dead Lie,9781925143706; 9781925143690;
Let the Dead Lie,9780330519779 (hbk.); 0330519778 (hbk.);
Let the Dead Lie,9780330461016 (pbk); 033046101X (pbk);
Let the Dead Lie,9781416586227; 1416586229;
Traitor,9781921758379;
I Came To Say Goodbye,9789661442732 (Ukraina); 9785991022118 (Rossii͡a); 9781863256810 (angl.);
Good Oil,9783401506135; 3401506137;
Good Oil,9781760112424;
Good Oil,9780375870002; 9780375970009; 9780375986741; 9780307929747;
Blossoms and Shadows,9788466326308 (pbk.);
Blossoms and Shadows,9789543981298; 9543981299;
Claiming His Bought Bride,
Claiming His Bought Bride,9788323884408 (pbk.);
Claiming His Bought Bride,
Claiming His Bought Bride,9780373730056 (pbk.); 0373730055 (pbk.);
Blue Skies,9781741759365 (pbk.);
Finding Freia Lockhart,9781921529153 (pbk.);
I Say Tomato,9781921640407 (pbk.);
Happily Ever After?,9780980721225 (pbk.);
Colonel Surry's Insanity,
My Sister Chaos,9781742195025 (ebook : DX reader); 9781742194998 (ebook : pdf); 9781742195032 (ebook : epub); 9781876756840 (pbk.); 9781742195018 (ebook : Microsoft reader);
Dare You,9781742031491 (pbk.);
A Girl Like Me,9780143011484;
I Love You Zelda Bloo,9780143011606 (pbk.);
Mutation,9781921502415;
Contact,9781921502408 (pbk.);
Guardian of the Dead,9781741758801 (pbk.);
The Fable of All Our Lives,9780732289928 (pbk.);
The Elusive Bride,9780732290535 (pbk.);
Red-Hot Renegade,9781742550558;
Dead Double,1419921878; 9781419921872;
Shall We Dance?,9781921518133;
Wildhorse Creek,9781921518157 (pbk.);
Sharp Turn,9781742370033 (pbk.);
The Black Russian : A Jack Susko Mystery,9781921640261 (pbk.);
The Universe Parallel,9780730493952 (ebk.); 9780732281243 (pbk.);
The Taste of Apple,9781921479816 (pbk.);
Happy as Larry,9781741754810 (pbk.);
Wavelength,9781921696305;
Equator : A Novel,9781921361890 (pbk.);
Spinner : A Novel,9781921361937;
Burnt Snow : The Book of the Witch,9780330425728 (pbk.);
Kiss Across Swords,141993189X; 9781419931895;
The Fortunes of Ruby White,9780731814848 (eBook); 9780731814633 (pbk.);
The Half-Child,9781921656545 (pbk.);
Beautiful Monster,9781921361982 (pbk.);
The Old Republic : Fatal Alliance,9780345511331; 0345511336;
Holy Water,9781742582665 (pbk.);
Forbidden : The Sheikh's Virgin,9780263213409;
Thrill City,9781741147377 (pbk.);
The Troika Dolls,9781741759150 (pbk.);
Kiss Across Time,9781419924712;
Deadly Trust,9781863256636;
Wolfborn,9781864718256 (pbk.); 9781742741727 (ebk.);
Matter of Trust,9781405039598 (pbk.);
The Circus,9781862546899;
The Prisoner of Mount Warning,9781921059568;
Line of Sight,9780670073740 (pbk.);
Dead Man's Chest : A Phryne Fisher Mystery,9781742373386 (pbk); 1742373380 (pbk);
The Innocents,9781864718744 (pbk.); 9781742740843 (ebk.);
Return of the Prophet,9781405039826 (pbk.);
Killing Richard Dawson,9780980741803 (pbk.);
Border Watch,9780733624902 (pbk.);
Ondine : The Summer of Shambles,9781405253420;
Mosquito Creek,9780670073719 (pbk.);
Once on a Road,9781741669077 (pbk.);
The Art of Murder,9780099551447; 0099551446;
Blue Knight,9781419930515;
Dead Again,9781419921483;
Bittersweet,9780143205685 (pbk.);
Dancing in the Dark,9780143202363 (pbk.);
The Noon Lady of Towitta,9781862549418 (pbk.);
Avalanche Pass,9781863256377 (pbk.);
High Noon in Nimbin,9780732287573;
Beauty's Beasts,9781419928758;
Milk Fever,9781741967814 (pbk.);
Palimpsest,9781921509681 (pbk);
Wild Nights with her Wicked Boss,0263215547 (hbk); 0263877523 (pbk);
Bright Angel,9781864719635 (pbk.);
Destiny's Right Hand,9780143304210 (pbk.);
The Billionaire's Housekeeper Mistress,9780263213188 (hbk.); 0263877841 (pbk.); 9780263877847 (pbk.);
Take Out,9781921361838 (pbk.);
Overtime In The Boss's Bed,9780263877373;
A Baby for the Flying Doctor,9780263214932;
"What Now, Tilda B?",9780702237782 (pbk.);
Midwife in a Million,9780263876710;
Power and Majesty,9780732289430 (pbk.);
Beyond Evie,9780732291525;
Last Kolovsky Playboy,9781742550428 (pbk.);
Remember June,9780732286828 (pbk.);
In the Mood,9780670073917 (pbk.);
Secret Ones,9780732291617 (pbk.);
The FitzOsbornes in Exile,9781742740805 (ebk.); 9781741663747 (pbk.);
Flesh and Iron,9781844168156; 1844168158;
Walking the Tree,9780007322442 (pbk.);
I Know Precious Little,9781921829703;
The Genesis Flaw,9781741967883 (pbk.);
The Life of a Teenage Body-Snatcher,9780143203919 (pbk.);
The Book of Human Skin,9781408805886;
The Devil's Tears,9781405040068 (pbk.);
Undercover : A Novel of a Life,9781741669503 (pbk.);
Match Fixer,9789814276290 (pbk.);
Hit List,9780330425841 (pbk.);
Spinning Out,9780733624964 (pbk.);
Love Machine,9781926428024 (pbk.);
Come Back to Me,9781741668698;
"Fired Waitress, Hired Mistress",9781742554051 (pbk);
The Three Loves of Persimmon,9780143205012 (pbk.); 9780143305194 (pbk.);
Boys of Summer,9781921556050;
The English Class,9780980571783;
"Lights, Camera ... Kiss the Boss",9780373176427; 0373176422;
The Bark Cutters,9781741669428;
Headgames,9781741663532 (pbk.);
The Wedding Shroud : A Tale of Early Rome,9781741967906 (pbk.);
Playing the Field,9781921518010 (pbk.);
The Blue-Eyed Aborigine,1847800785 (pbk.); 9781847800787 (pbk.);
Slice : Juicy Moments from My Impossible Life,9781864719642 (pbk.);
Embrace,9780734411846 (pbk.);
The Delta,9781405039888 (pbk.);
Earth to Hell,9780732286866 (pbk.);
Animal Kingdom,9780522858082 (pbk.);
Paladin,9781862918672 (pbk.);
"Tom Hurstbourne, or, A Squatter's Life",9781921555404; 9781921555435;
The Dressmaker,9780731814725 (pbk.);
Inheritance,9781846553158 (hbk.); 9781846553165 (pbk.);
Seer of Sevenwaters,9781405040198 (pbk.);
Quillblade,9781864719789 (pbk.); 9781742741123 (ebk.);
Keeping Faith,9780980571752;
Bargaining for Baby,9780373730285 (pbk.);
The Soldier's Untamed Heart,9780263215427; 0263215423;
Hot Island Nights,9780373795703; 037379570X;
Her Best Friend,9780373716265;
"Wedlocked : Banished Sheikh, Untouched Queen",0263877787; 9780263877786;
Dating the Millionaire Doctor,9781742551852;
Chasers,9780733624797 (pbk.);
Death Most Definite : A Death Works Novel,9780733624834 (pbk.);
The Good Daughter,9780670074433;
Come Inside,9780980712025 (pbk.);
Speak to Me,9780670074594 (pbk.);
Somebody to Love,9780702238574 (pbk.); 9780702238260 (pdf);
"Errol, Fidel and the Cuban Rebel Girls",9780702238253 (pdf); 9780702238567 (pbk.);
Wizard Squared,9780732286064 (pbk.);
Path of the Stray,9780732291396 (pbk.);
The Ruby Talisman,9781864719871;
In-Human,9780980571738 (pbk.);
Christmas with Her Boss,9780263888409 (pbk.); 9780263215373 (hbk.);
Innocent Secretary...Accidentally Pregnant,9780263212075; 0263212076;
"Public Marriage, Private Secrets",0373129459; 9780373129454;
The Cattleman's Adopted Family,9780263213102 (hbk.); 0263213102 (hbk.);
"Sunflower : A Tale of Love, War and Intrigue",9780522857627 (pbk.);
"Shock, One-Night Heir",9780263878660 (pbk.); 0263215482 (hbk.); 026387866X (pbk.); 9780263215489 (hbk.);
"The Cattleman, the Baby and Me",9781742551173 (pbk.);
Their Newborn Gift,9781742551241;
One Small Miracle,9781742551098 (pbk.);
Nowhere Man : If Only She Knew What He Knew...,9780980741834 (pbk.);
Ghost Watch,9781405040259 (pbk.);
"Leuchtende Sonne, weites Land",9783838703589; 3838703588;
Merrow,9781742031361 (pbk.) :;
The  Reckless Bride,9780349400051; 0349400059;
The  Reckless Bride,9783442382392; 3442382394;
The  Reckless Bride,9780062018663; 0062018663;
The  Reckless Bride,9780061795190; 0061795194;
Every Girl's Secret Fantasy,9780373527915; 0373527918;
Every Girl's Secret Fantasy,9781742556307 (pbk.);
Every Girl's Secret Fantasy,
Fields of Gold,9783764504113; 3764504110;
Im Tal Der Flammenden Sonne,9788075431097;
Im Tal Der Flammenden Sonne,9788377587645; 8377587645;
Im Tal Der Flammenden Sonne,9783838737379;
Trust,9780143205494 (pbk.);
Trust,9780452296350;
Kindling,9789861855622;
Genesis,9781925126006;
Madigan Mine,9783492273978; 3492273971;
Madigan Mine,9781922101198;
Naked Cruelty,9780007412594;
Naked Cruelty,1552789454 (pbk.); 9781552789452 (pbk.);
Naked Cruelty,9781439178317 (trade); 1439178313 (trade);
Zendegi,9780575086203;
Zendegi,9781597801751;
The Emerald Casket,9783841502094; 3841502091;
Six,9781925126051; 9781742590486; 9781742590509;
The Book of Love,9783442375820 (pbk.);
The Hum of Concrete,9780987226501 (pbk.);
Fury,9781925126099; 9781742590417; 9781742590394;
Pilgrims,9780765331885;
Pilgrims,9780857381392; 0857381393;
The Brazen Bride,9780349400044; 0349400040;
The Brazen Bride,9780061795176; 9780732290542;
The Brazen Bride,9780062000088; 006200008X;
The Brazen Bride,9783442378500; 3442378508;
Death Mask,9783442379712; 3442379717;
Sugar Sugar,9781922244574 (ebook : pdf); 9781742590356 (ebook : epub); 9781742590332 (ebook : prc);
Red Dirt Talking,9781459642423;
RPM,070223897X (pbk); 9780702238970 (pbk);
The Blackmailed Bride's Secret Child,
The Blackmailed Bride's Secret Child,9771105824273;
The Blackmailed Bride's Secret Child,9780373730117 (pbk.); 037373011X (pbk.);
His Prisoner in Paradise,9771105822309;
His Prisoner in Paradise,
Revealed : A Prince and a Pregnancy,9789461703316;
Revealed : A Prince and a Pregnancy,
Revealed : A Prince and a Pregnancy,9780733598050;
The Elusive Bride,9780062271310; 0062271318;
The Elusive Bride,0349400032 (pbk.);
The Elusive Bride,9783442377671; 3442377676;
The Elusive Bride,9780061795152 (pbk.); 0061795151 (pbk.);
Red-Hot Renegade,9780263213973;
Red-Hot Renegade,9780373528073;
Dead Double,9781927423325; 1927423325;
Dead Double,1927423309; 9781927423301;
Wildhorse Creek,9780143573081;
Sharp Turn,9781922101327; 9781922101310;
The Universe Parallel,9780732281250 (pbk.);
Kiss Across Swords,1927423910; 978-1927423912;
The Old Republic : Fatal Alliance,8863551251 (paperback); 9788863551259 (paperback);
Forbidden : The Sheikh's Virgin,
Forbidden : The Sheikh's Virgin,
The Troika Dolls,9781742377087;
Kiss Across Time,1927423864; 9781927423868;
Kiss Across Time,9781927423837;
Dead Man's Chest : A Phryne Fisher Mystery,1590587979; 9781590587973;
Return of the Prophet,9780330534178; 0330534173;
Return of the Prophet,9780312599805; 0312599803;
Return of the Prophet,9780330403917 (pbk.);
Border Watch,9780733627125 (pbk.);
Underground Road,9781743051924;
The Art of Murder,9781863256902; 1863256903;
Blue Knight,9781927423523; 192742352X;
Blue Knight,1927423511; 978-1927423516;
Dead Again,9781927901762; 1927901766;
Dead Again,1927423201; 9781927423202;
Avalanche Pass,9780425245408;
Beauty's Beasts,1927901359; 9781927901359;
Wild Nights with her Wicked Boss,9781742559797;
The Billionaire's Housekeeper Mistress,9784596125798;
The Billionaire's Housekeeper Mistress,9781742550084 (pbk.);
Overtime In The Boss's Bed,9781742554082;
Overtime In The Boss's Bed,9780373527717;
A Baby for the Flying Doctor,9781460377222; 1460377222;
A Baby for the Flying Doctor,9781742551548;
"Cinderella, Hired by the Prince",9780373176762; 0373176767;
"Cinderella, Hired by the Prince",9781742551319 (pbk.);
"Cinderella, Hired by the Prince",0263213838; 9780263213836;
"Cinderella, Hired by the Prince",9784596221704;
The Sheik's Destiny,0263213846; 9780263213843;
The Sheik's Destiny,0373176783 (pbk.); 9780373176786 (pbk.);
Last Kolovsky Playboy,9780373129669; 0373129661;
Last Kolovsky Playboy,9780263878264; 0263878260;
Knight on the Children's Ward,9781742551630;
Knight on the Children's Ward,9781426856914;
In the Mood,9781925399134;
Flesh and Iron,9783453529045; 3453529049;
Walking the Tree,9780061994173;
"Fired Waitress, Hired Mistress",9780373527830; 0373527837;
"Fired Waitress, Hired Mistress",
"Fired Waitress, Hired Mistress",9780263877342; 0263877345;
"Lights, Camera ... Kiss the Boss",9780733599316;
"Lights, Camera ... Kiss the Boss",9780373176427; 0373176422;
Christmas at Candlebark Farm,9781742551289 (pbk.);
Christmas at Candlebark Farm,9780373177028; 037317702X;
Christmas at Candlebark Farm,9780263215588 (hbk.); 026321558X (hbk.);
The Bark Cutters,9781864711622 (pbk.);
The Wedding Shroud : A Tale of Early Rome,1477828559; 9781477828557;
Embrace,9783570380116; 3570380114;
The Delta,9780330404037;
The Delta,9780857381125; 0857381121;
Bargaining for Baby,9780263883121; 0263883124;
Bargaining for Baby,9781742553757;
The Soldier's Untamed Heart,9780373740758 (lge. prt.); 9780373177066;
The Soldier's Untamed Heart,9780373177066;
Hot Island Nights,9780263880748; 0263880745;
Hot Island Nights,9781426865732; 1426865732;
Her Best Friend,9781460334294;
Her Best Friend,9781742553191;
Her Best Friend,9780263888829; 0263888827;
"Wedlocked : Banished Sheikh, Untouched Queen",9781742550046;
"Wedlocked : Banished Sheikh, Untouched Queen",9780263213041; 0263213048;
"Wedlocked : Banished Sheikh, Untouched Queen",9780373129089; 0373129084;
Dating the Millionaire Doctor,9780373067589; 0373067585;
Dating the Millionaire Doctor,9780263879162  (pbk.); 9780263215113  (hbk.);
Chasers,0758280661; 9780758280664;
Christmas with Her Boss,9781742770147 (pbk.);
Christmas with Her Boss,9781426874895; 1426874898;
Christmas with Her Boss,9780373176953;
Innocent Secretary...Accidentally Pregnant,9780373129478; 0373129475;
Innocent Secretary...Accidentally Pregnant,9780263877564; 0263877566;
"Public Marriage, Private Secrets",
"Public Marriage, Private Secrets",9780263221787;
The Cattleman's Adopted Family,9781742551005 (pbk.);
The Cattleman's Adopted Family,9780373176465 (pbk.); 0373176465 (pbk.);
"Shock, One-Night Heir",9781742559759 (pbk.);
"Shock, One-Night Heir",9771105822309;
"The Cattleman, the Baby and Me",9780373740277; 0373176589; 9780373176588; 0373740271;
"The Cattleman, the Baby and Me",0263213501; 9780263213508;
Their Newborn Gift,9780373176649; 0373176643;
Their Newborn Gift,9780263213683;
At the Billionaire's Beck and Call?,9780373730520;
At the Billionaire's Beck and Call?,
"Leuchtende Sonne, weites Land",9788073629021;
The Risen Queen,9780732287696 (pbk.);
An Original Talent,9781740085571 (pbk.);
Finding Coaby,9780980809503 (pbk.);
Death at the Downs,9781740275972;
Mobile Magic,9780958797917;
Love at the Railway Hotel,9781740276160; 9781740276160 (ebk.);
A Line of Dogs,9780980697605 (pbk.);
Dead Reality,1605922277; 9781605922270;
Benjamin,9781921421365;
Façades,9781921479922 (pbk);
Kiss of Death,9781405038867 (pbk.);
Shade of Grey,161572138X; 9781615721382;
Hale and​ Hardy : Tales and Recollections from a Country Practice,9781405038409 (pbk.);
Violent Exposure,9781405040051 (pbk.);
Issy,9781921456411;
Angel Thief,9781426890819 (e.bk);
Upon the Sheep's Back,1921642750; 9781921642753 (pbk.);
"Chilli, Chicks & Heart Attacks : The Misadventures of an Intern by Dr. Manjula Mendis",9789551723118;
Bitter Bones,9780977594870 (pbk.);
Nickel chrome : roman,9782742781805; 2742781803;
Occasions of Sin,9781921642302 (pbk.);
Blame It on the Holiday,9781921601125;
Home is Where the Bark Is,0425234290; 9780425234297;
Tenebrak : The Founding,
By the Sword,1604817585; 9781604817584;
Beyond the Sunset,9780340954072; 0340954078;
Cherry Tree Lane,9780749008826; 0749008822;
Two Worlds,9781450032063;
Another World,9781453595046;
The Coffeeholic and the Cafe,9781921555541;
Beneath the Grace of Clouds,9780646538396 (pbk.);
High-Society Secret Baby,9781742553771;
Chanel Sweethearts,9781863256940 (pbk.);
Eden Prime,9781921574535 (pbk.);
When the Lions are Drinking,9781452868127; 1452868123;
Forbidden,0425238083;
The Cobras of Calcutta : The First Volume of the Decipherer's Chronicles,9780230736221 (hbk.);
And the Waters Prevailed,9780980410433;
Wolfspeer,9780980864502 (pbk.);
Destiny's Rift,9780733624346;
Distance,9781877096693 (pbk.);
Valentino's Pregnancy Bombshell,0263214249; 9780263214246;
A Mother for Matilda,9780263214888;
Alessandro and the Cheery Nanny,0373067526; 978-0373067527;
The Kingdom of the Four Rivers,2940011080609;
Shadow Bound,9781741759341 (pbk.);
Darkness I Weep,9781451509922;
Desert Diya,9781740276054;
Conquest of the Persian Garden,9781453787687;
My Reckless Surrender,9780061684319;
The Hambledown Dream,9781926760339;
Chase to the Brazen Head : The China Exploration Club,9789881809469; 9881809460;
Soul's Reckoning,9780733624353 (pbk.);
Mysterious Encounter,9780957967519; 0957967519;
Android Dreams,1876107502; 9781876107505;
Star Class Five,0646213121; 978-0646213125;
Cora Villa,9780980793659;
Love in a Hot Climate,9780646519401;
Dark Creed,9781844167869; 1844167860;
Deadly Encounter,9781451578713.;
Outback Bachelor,9781742550992 (pbk.);
"Passionate Chef, Ice Queen Boss",9780263214185; 0263214184;
What's a Housekeeper to Do?,9780263213652; 026321365X;
The Socialite and the Cattle King,9781742550688 (pbk.);
High-Society Seduction,9781742553870 (pbk.);
Penny on Safari,9781856355728; 1856355721;
Hellbound,0956427634; 9780956427632;
Touching Moonlight,1615722165; 9781615722167;
Star Wars : The Force Unleashed II,9780345511553; 0345511557;
Graven Images,0980657016 (Trade Paper); 9780980657012;
Saltwater Vampires,9780143011460 (pbk.);
Cooktown Christmas : A North Queensland Navy Cadet Novel,9781740085625 (pbk.);
Instant Family,9780803477841;
The Tangled Web,9780803477643 (hardcover);
Loaded Hearts,9780980786408;
Descent,9781742031279 (pbk.);
The Abused Werewolf Rescue Group,9781742373638 (pbk.);
Road Kill,9781921574795 (pbk.);
Beyond the Far Horizon,9781921574986;
Footprints,9781921731235 (pbk.);
Abernethy,9781921574955;
The Boy / Friend,9781742372860 (pbk.); 1742372864 (pbk);
Foley Russel and That Poor Girl,0980690951; 9780980690958;
Willow Farrington Bites Back,1921479361; 9781921479366;
Mogworld,1595825290; 9781595825292 (pbk.);
The Usurper,1907519068 (pbk.); 9781907519079 (pbk.); 9781907519062 (pbk.); 1907519076 (pbk.);
The Uncrowned King,1907519041 (pbk.); 9781907519055 (pbk.); 9781907519048 (pbk.); 190751905X (pbk.);
Jack's War : The Wasted Years,1921829982; 9781921829987;
The Monkey Man,780646543598;
Drink the Air,9780646529554 (pbk.);
Ghost Money,1484013735;
The Naked Room,9780977587063 (pbk.);
Sleight Malice,
The Handkerchief Map,9780980786484;
Slave of Sondelle,9780732289799 (pbk.);
Heat in the Outback,9781615721023 (paperback); 9781615721016 (ebook);
Out of the Black Land,9780980790009;
Tale of Three People,9780980752229 (pbk.);
The Game of Kings,9780646535241; 0646535242 (Trade Paper);
TimeSplash,9781616501235;
In the Air,9780980752205 (pbk.);
Independence,9780980752236 (pbk.);
The Memory Thief,9781921456299 (pbk.);
Diamond Eyes,9780732291365;
Transformation Space,9781841497594;
Betrayal,9781405039284 (pbk.);
Song of Scarabaeus,9780061934735;
No Weather for a Burial,9780980655520 (pbk.);
The Reluctant Mage,9780732287559 (pbk.);
The Bloody Cup,0755348710 (hbk.); 9780755348725 (pbk.); 9780755348718 (hbk.);
Managing Death,9780733624841 (pbk.);
Samhane,9780982496985; 0982496982;
When Pigeons Fly to Nowhere,9781921596209;
The Vanilla Assassin,9781921596148;
Drama Queens with Love Scenes,1907756930; 9781907756931;
Steve's Story,9781605045511;
Hymn for the Wounded Man,9780980704310;
Feral Tracks : The Novel Adapted from the Screenplay,9780980665123 (pbk.);
The Right Time,9781405040044 (pbk.);
The Aspen Portal,9781921526107;
"Death, the Vamp and His Brother",1605047341; 9781605047348;
Girl Racers,9780755347179; 075534717X;
The Sun Sword,9781605048222;
Noble Satyr,9780980801309; 0980801303;
A Cross to Bear,9781453638422 (pbk.); 1453638423 (pbk.);
Love : A True Story : A Novel about Finding Love in Modern Times,9781741965032 (pbk.);
Mastermind,0980753201; 9780980753202;
Blood-line incursion,9781921731365;
Death By Sugar,9780980753219;
Dingo Trapper,9780980481914;
In and Out of Step,1921642505; 9781921642500 (pbk.);
The Accidental Wedding,0425233820 (pbk.); 9780425233825 (pbk.);
The Sheriff and the Baby,0373753136; 978-0373753130;
The Firefly Legacy IV : The Scents of Hope,9780980763133; 0980763134;
The Firefly Legacy II : Heirlooms of the Heart,9780980763119; 0980763118;
The Firefly Legacy III : The Fabric of Trust,9780980763126; 0980763126;
The Firefly Legacy I : Secrets of the Four,9780980763102; 098076310X;
"Hetty, or, To Hell With Adam Bede",9781449947279;
Copping a Feel,9781419928918;
Mistification,9780007322435;
Getting over Santa Claus : A Novel,
Thorn on the Rose,9781405039949 (pbk.);
Losing My Marbles,9781921829710;
The Shaping of Victory,1609119142; 9781609119140;
Gabrielle,9781921791369;
Turing Evolved,2940011173998;
The Infinity Gate,9780732282929 (pbk.);
The Midwife and the Millionaire,9780263213690;
Rescued by the Dreamy Doc,9780263217483; 9781742559100;
Selling Bratwurst in Down Under : wie ich der Liebe wegen nach Australien auswanderte,3426783347 (pbk.); 9783426783344 (pbk.);
Helsingor : The True Story of Hamlet and Horatio,
Les extraordinaires aventures de John Lofty Oakes : roman,9782070787869 (pbk.);
Strange Attractors,9780732291396 (pbk.);
The Art of Resistance,9781920831868 (pbk.);
The President's Wife,9780732290122 (pbk.);
Tuscan Rose,9780732281328 (pbk.);
The Radiant Child,9780732287702 (pbk.); 0732287707 (pbk.);
Straw in the Wind,9780727868930 (hbk.); 0727868934 (hbk.);
Taming her Billionaire Boss,9780373730551; 0373730551;
Licence to Dream,9780727869340; 0727869345;
Danann Frost Falls from Grace,1450510582; 9781450510585;
Justin Gale Deals with Death,9780980804508; 0980804507 (Trade paper).;
The Griffin's War,9780732288549 (pbk.);
Moment of Truth,9781741663099 (pbk.);
Polaris Rising : The Birth of Celestar,9780646540085;
Bastard's Grace,0980749700; 9780980749700;
Red Ice,9780733624414 (pbk.);
Stormlord Rising,9780732289300 (pbk.);
Champion of the Rose,9780980878943;
The Silence of Medair,9780980878905;
Blood Gorgons,1849700079; 9781849700078;
Three Things About Daisy Blue,9781742372129 (pbk.);
Scent,9780646537306 (pbk.);
Sword of Azaray,
Sanctuary,
The Celtic Dagger,9781921517129 (pbk.);
The Fruit of Her Womb,9781921829017;
Hot Rock Dreaming,9781921589287 (pbk.);
Coming Home,
Mistress : At What Price?,9780263877328; 0263877329;
When He Was Bad,9780263214345; 9780263877489; 0263877485; 0263214346;
Big Footprints,9781921214707 (pbk.);
Crossroads,9781921456312;
What Kate Did Next,9781741759334 (pbk.);
Wolf Pear,9781446647059 (pbk.);
The Cadence Raine Chronicles : Evening Star,9781434999849;
Thirteen Pearls,9781742372020 (pbk.) :;
Julian Corkle Is a Filthy Liar,9780007332168 (pbk.); 0007332165 (pbk.);
Mr Cleansheets,9780980665130 (pbk.);
Watch the World Burn,9781741668148 (pbk;
Death of a Surgeon,9781907040443;
The Terrible Privacy of Maxwell Sim,9780670918942 (ebk.); 9780670918799 (pbk.);
Chere Isabelle,9780980786491;
The Okapi Promise,9780984329861;
Shadowglass,9780312578015 (pbk.);
Poison Kissed,9780312624705;
A Most Sinful Proposal,9780061339172 (pbk.);
Hooked on You,9781601547484;
The Minivers : Minivers and the Most Secret Room,9780143303688;
The Tongues of Serpents,9780007259168 (pbk.);
Cat's Eyes,9780980864205; 0980864208;
In the Same Boat,9789558897188; 9789551723170;
The Price of Freedom,9781426890185 (e.bk);
Shadows on the Moor,9780709091059;
Coming Home,0709090056; 9780709090052;
Floating Gold,9780709090519; 070909051X;
Fightback,9780709089223 (hbk.);
The Gommock : Exploits of a Cornish Fool,9781450059398 (hardback); 9781450059381 (paperback); 1450059392 (hardback); 1450059384 (paperback);
Who Steals the Fire ... Steals the Blessing!,9780646533384 (pbk.);
Malula,9789791802710;
The Young Bug : A Miracle of Everlasting Youth,9781452862361;
Summer by the Sea,9780709089742 (hbk.); 0709089740 (hbk.);
A Small Death in the Great Glen,9781439154939;
The Grease Monkey's Tale,978-1907461163;
Murder Principals : Who Assassinated John Newman MP?,9780646541433 (pbk.);
Lady Farquhar's Butterfly,9780709090571;
Silverbirch : A Tear in the Fabric of the Night Sky,9780980687729 (hbk.); 9780980687712 (pbk.); 0980687721 (hbk.); 0980687713 (pbk.);
"Bachelor Dad, Girl Next Door",0263214923; 9780263214925;
The House of the Wind,9780755346295;
Adelina's Garden,9780980681918;
Dr. Drop-Dead Gorgeous,9780263215038 (hbk.); 0263215032 (hbk.); 9780263217117;
Moon Sworn,0749942274 (pbk.); 9780749942274 (pbk.);
Golden Land of Silence : A Tale of the Kimberleys,0859054799; 9780859054799;
A Tree Too Far,9780646537559 (pbk.);
Del Fonzo Enigma,9780980671209; 0980671205;
Blood Heritage,9781921456374;
Millionaire Dad's SOS,9780263876628; 9780263213317; 0263876624; 0263213315;
Getting Even with Fran,9781405040105 (pbk.);
For All Our Sakes,9781740276306;
Menagerie of False Truths,9781921497490 (pbk.);
"Those 'Camperdown' Boys : What They See Around Corners at the Hampshire Hotel, Where New Friends and Old Mates Meet",9781921456459;
"The Secret Stealer : A Grand History of the Curse and Its Accursees, Volume 267 : James Winchester IV",9781921479397 (pbk.);
The Republic of Ausmania,9780980474978 (pbk);
Silk Chaser,9781405039765 (pbk.);
Hotel of Secrets,9780908988730; 0908988737;
Dear Swoosie,9781742371986 (pbk.);
While I Have Pedro,9781921665165 (pbk.);
The House across the Road,9781921518102 (pbk.);
To Ride the Wind,9781405039994 (pbk.);
Nest of Vipers,9781863256230 (pbk.);
Sweetest Little Sin,0425234800; 9780425234808;
The Merry Misogynist,9781849161961; 1849161968;
The Cattleman's Runaway Bride,1615721525; 9781615721528;
Hell to Heaven,9780732286873;
Wings of Equity,9781615815715;
A Study of Solitude,
Peril at Somner House : A Mystery Featuring Daphne du Maurier,0312367163 (hbk.); 9780312367169 (hbk.);
The Book of Secrets,9781921456275;
The Essential Ingredient : Love,9781921596445 (pbk.);
Elemental : Come to Virtualitee and See for Yourself,9781741967135 (pbk.);
A Pound of Flesh,9781936400003;
Eclipsed,9781449574666; 1449574661;
The Road Behind,9780980350036 (pbk.);
Maralinga Countdown,1453858512; 9781453858516;
The Mountain City Murders,9781740276283;
King's Wrath,9780732284794 (pbk.);
Death by Sugar,9780980753219 (pbk.);
The Diggers Rest Hotel,9780670072736 (pbk.);
The Doctor's Double Trouble,9780263215106; 0263215105;
Dougal's Diary : A Year in the Life of a Cat,9780980790016 (pbk.);
Source,9780982763780; 0982763786;
Lethal Care : The Inspector Carol Ashton Finale,9781594931673;
Tula,9780980730821 (pbk.);
Legacy,9781921642647; 1921642645;
Elvene,9781876819632; 9781921479649 (ePub);
Guardian of the Sky Realms,9780984329885;
Coyote Wild,9781419929199;
Coyote Home,9781419927065;
The Imnothero Principle,9780987067302 (paperback);
My Purr-fect Alphas,9781605920238; 1605920231;
"His Ring, Her Baby",0373730217; 9780373730216;
Gambit : Stealth,0345509021; 9780345509024;
Gambit : Siege,9780345509000; 0345509005;
The Cry of Marwing,9781741752502 (pbk.);
The Maya Codex,9781921518195 (pbk.);
The Griffin's Flight,9780732288532 (pbk.);
Debris,9780857661548 (pbk.);
Jenna,1921589302; 9781921589300;
The Best Laid Plans,9780373716692;
Her Brooding Italian Surgeon,9781742551692;
Wedding in Darling Downs,9781742551715;
Untameable Rogue,978-0373527922;
The Billionaire Baby Bombshell,0373730330; 978-0373730339;
Palomino Gold,9781921731686 (pbk.);
Tilbury Mystery,0957890338; 9780957890336;
Sticks and Stones,9781405039925 (pbk.);
6001 Iceworld : Invasion of the Torterats,9780980809602 (pbk.);
Billy Two,1921829028; 9781921829024;
Glory Girl,9781921518515 (pbk.);
Esty's Gold,9781845079659;
Aftershock,9781863256933 (pbk.);
Dirty Sexy Murder,9781616501655;
Covenant,9780980744033 (pbk.);
Haven,9780733624209; 0733624200;
Vivian Rising,9781439172032 (ebook); 9781439172025;
Rare Bird of Truth : A Novel,9780731814572 (hbk.); 9780731814589 (pbk.);
The Magician of Lhasa : A Novice Monk. A Quantum Scientist. An Ancient Secret,9780984207008; 9780984207015 (pbk); 0984207015 (pbk); 0984207007;
Many-Coloured Realm,9781921633065;
Brittle Shadows,
Where Gold Lies,9780980548426 (pbk.);
Dark Clouds on the Mountain,9781921665035 (pbk.);
The Golden Tramp,
Dark Corridors of Time,9781921456381;
The LA Team,
Winsome of Rangoon,
"O'Leary, JI Terrorist Hunter",9781740276399;
The Most Magical Gift of All,0263879283; 9780263879285;
The Doctor's Society Sweetheart,9780263879353; 0263879356;
The Man Jar,1933606231; 9781933606231;
Oh-So-Sensible Secretary,9780373176472 (pbk.); 0373176473 (pbk.);
Scandal : His Majesty's Love-child,9781742550244 (pbk.);
Scandal : Unclaimed Love-Child,9781742550602 (pbk.);
"Passion, Purity &amp; the Prince",0263214133; 9780263214130;
The Andreou Marriage Arrangement,9780263213010 (hbk.); 9780263877755 (pbk.); 0263877752 (pbk.); 0263213013 (hbk.);
Wedding Night with a Stranger,9781742554075 (pbk.);
Her Majesty the King,9781921517082 (pbk.);
The Horus Throne,9781921517105 (pbk.);
Love Songs From a Shallow Grave,9781849160476; 1849160473;
Heidi's October,9781921589393; 1921589396;
2013 Nibiru's Shadow,9781921731334 (pbk.);
Danika and Yatimah : From Egypt to the Outback,9780980824919 (pbk.);
The Paraclete Conundrum,9780980851175;
Demon Gates,9781463707514; 1463707517;
The Pissed-Off Parents Club,9780751543391 (pbk.);
Les ours s'embrassent pour mourir : roman,2742794506; 9782742794508;
Dupuytren’s Contracture : A Tale of Distortion and Deception,1846244889 (hbk.); 9781846244889 (hbk.);
Thin Blood,
Mis'ka : Rite of Ascension,9781921526077; 1921526076;
The Thirteenth Secret,9781921574931 (pbk.);
Destiny Sets,
Tamal's Journeys,
The Children of Tamal,
The Ambassador's Mission,9781841498669 (pbk.);
Survivor,9780733624803 (pbk.);
Fire Bug,9781921555589 (pbk);
Akhenaten,1921636416; 9781921636417;
Borrowed Landscape,9781453803134;
Ο αριθμός του Πλάτωνα,9789606640674;
"Cinderella, Hired by the Prince",
The Hum of Concrete,
At the Billionaire's Beck and Call?,
By the Sword,9780857992369;
Outback Bachelor,9780263213096;
"Passionate Chef, Ice Queen Boss",9781742551203;
What's a Housekeeper to Do?,9781742551234;
The Socialite and the Cattle King,9780263215342 (hbk.); 9780263878608 (pbk.); 0263878600 (pbk.);
Hellbound,9781908675019; 1908675012;
The Usurper,9781781085356;
The Uncrowned King,9781781085332;
The Monkey Man,9780646543598 (pbk.);
The Handkerchief Map,9781922120878 (ebook); 9781922120861 (paperback);
The Game of Kings,9780987108647;
TimeSplash,9781743342183 (ebook : PRC); 9781743342176 (ebook);
Betrayal,9780857991720;
Drama Queens with Love Scenes,9781907756931;
Drama Queens with Love Scenes,1936185903; 9781936185900;
Noble Satyr,9780987375261;
Noble Satyr,9780987073815 (hbk); 9780987243010 (pbk);
In and Out of Step,9780994628619;
Turing Evolved,9781460703175; 1460703170;
Licence to Dream,9781493726127; 1493726129;
Licence to Dream,9781610847735; 1610847733;
The Celtic Dagger,9780987395511 (paperback);
Hooked on You,9781311452016;
The Tongues of Serpents,9780345496898 (hbk.); 0345496892 (alk. paper);
Cat's Eyes,9780980864243; 9780980864274;
Floating Gold,9781447670209;
A Small Death in the Great Glen,9781410430724 1410430723;
Moon Sworn,9780440245711 (pbk.); 0440245710 (pbk.);
The Doctor's Double Trouble,9781742559131;
Guardian of the Sky Realms,9780992502386;
The Cry of Marwing,9781741759372;
Debris,9780857661531;
The Best Laid Plans,9780263889246;
Her Brooding Italian Surgeon,9780263879032;
Her Secret Fling,9780373795215;
Glory Girl,9780992521899;
Dirty Sexy Murder,
The Doctor's Society Sweetheart,9781460377345; 1460377346;
The Doctor's Society Sweetheart,9781742559087;
Scandal : His Majesty's Love-child,9780263213584; 0263213587;
Scandal : Unclaimed Love-Child,9780263214284 (hbk.); 0263214281 (hbk.);
"Passion, Purity &amp; the Prince",9780373528011;
Destiny Sets,1921636343; 9781921636349;
Tamal's Journeys,1921636343; 9781921636349;
The Children of Tamal,192163636X; 9781921636363;
Survivor,9780758280688;
Underground Road,
The Sheik's Destiny,
Knight on the Children's Ward,
Christmas at Candlebark Farm,
I Came To Say Goodbye,
Claiming His Bought Bride,
The Blackmailed Bride's Secret Child,
The Blackmailed Bride's Secret Child,
Every Girl's Secret Fantasy,
Stillwater Creek,
"Fired Waitress, Hired Mistress",
The Bark Cutters,
Hot Island Nights,
Hot Island Nights,
Hot Island Nights,
"Public Marriage, Private Secrets",
"Public Marriage, Private Secrets",
"Shock, One-Night Heir",
"The Cattleman, the Baby and Me",
"The Cattleman, the Baby and Me",
"The Cattleman, the Baby and Me",
"The Cattleman, the Baby and Me",
At the Billionaire's Beck and Call?,
His Prisoner in Paradise,
Her Secret Fling,
Blood Island,
I See You (from a work-in-progress),
A Moment of Falling,
Black Lazarus,
Mutation,
Contact,
By the Sword,
High-Society Secret Baby,
High-Society Secret Baby,
Red-Hot Renegade,
The Socialite and the Cattle King,
Wild Nights with her Wicked Boss,
Overtime In The Boss's Bed,
A Baby for the Flying Doctor,
Midwife in a Million,
The Sheik's Destiny,
Last Kolovsky Playboy,
Last Kolovsky Playboy,
Knight on the Children's Ward,
Knight on the Children's Ward,
Flesh and Iron,
Come Back to Me,
"Lights, Camera ... Kiss the Boss",
Earth to Hell,
Bargaining for Baby,
The Best Laid Plans,
The Soldier's Untamed Heart,
Untameable Rogue,
Untameable Rogue,
Dating the Millionaire Doctor,
Innocent Secretary...Accidentally Pregnant,
Scandal : Unclaimed Love-Child,
"Passion, Purity &amp; the Prince",
Their Newborn Gift,
Their Newborn Gift,
One Small Miracle,
One Small Miracle,
One Small Miracle,
Dark Creed,
High-Society Seduction,
The Midwife and the Millionaire,
Rescued by the Dreamy Doc,
The Silence of Medair,
Blood Gorgons,
Wolf Pear,
Hell to Heaven,
Coyote Wild,
Coyote Home,
The Billionaire Baby Bombshell,
The Most Magical Gift of All,
Oh-So-Sensible Secretary,
The Andreou Marriage Arrangement,
Wedding Night with a Stranger,
,
